Países,Bloco Econômico,Via,URF,Código NCM,Descrição NCM,Código SH6,Descrição SH6,Código SH4,Descrição SH4,Código SH2,Descrição SH2,Código Seção,Descrição Seção,Unidade estatística,Valor US$ FOB,Quilograma Líquido,Quantidade Estatística,Data
0,3,0,2,8072000,Mamões (papaias) frescos,80720,Mamões (papaias) frescos,10,17,3,8,1,12,4,12788,9801,9801,2024-10-01
0,3,0,2,52092200,"Tecidos de algodão que contenham pelo menos 85 %, em peso, de algodão, com peso superior a 200 g/m2, branqueados, em ponto sarjado, incluindo o diagonal, cuja relação de textura não seja superior a 4",520922,"Tecido de algodão branqueado, em ponto sarjado, contendo => 85% em peso de algodão, com peso > 200 g/m2",30,35,18,1,8,3,4,215,96,96,2024-10-01
0,3,0,4,8072000,Mamões (papaias) frescos,80720,Mamões (papaias) frescos,10,17,3,8,1,12,4,43394,33958,33958,2024-10-01
0,3,0,10,8072000,Mamões (papaias) frescos,80720,Mamões (papaias) frescos,10,17,3,8,1,12,4,1800,1800,1800,2024-10-01
0,3,0,13,8072000,Mamões (papaias) frescos,80720,Mamões (papaias) frescos,10,17,3,8,1,12,4,42259,31124,31124,2024-10-01
0,3,0,14,52112090,"Outros tecidos de algodão que contenham menos de 85 %, em peso, de algodão, combinados, principal ou unicamente, com fibras sintéticas ou artificiais, com peso superior a 200 g/m2, branqueados",521120,"Tecidos de algodão, branqueados, com fibras sintéticas ou artificiais, contendo < 85% em peso de algodão, com peso > 200 g/m2",31,33,18,1,8,3,4,492,51,51,2024-10-01
2,5,1,15,76020000,"Desperdícios e resíduos, de alumínio",760200,"Desperdícios e resíduos, de alumínio",34,10,21,2,11,5,4,40367,22678,22678,2024-10-01
3,4,1,15,3061110,"Lagostas (Palinurus spp., Panulirus spp., Jasus spp.) inteiras, congeladas",30611,Lagostas congeladas,2,9,0,16,0,0,4,23491,1160,1160,2024-10-01
3,4,1,15,3061190,"Outras lagostas (Palinurus spp., Panulirus spp., Jasus spp.), congeladas, exceto as inteiras",30611,Lagostas congeladas,2,9,0,16,0,0,4,650,18,18,2024-10-01
3,4,1,15,17049020,"Caramelos, confeitos, dropes, pastilhas, e produtos semelhantes, sem cacau",170490,"Outros produtos de confeitaria, sem cacau",13,29,6,3,3,11,4,19210,11040,11040,2024-10-01
3,4,1,17,3061110,"Lagostas (Palinurus spp., Panulirus spp., Jasus spp.) inteiras, congeladas",30611,Lagostas congeladas,2,9,0,16,0,0,4,6386,320,320,2024-10-01
3,4,1,17,17049020,"Caramelos, confeitos, dropes, pastilhas, e produtos semelhantes, sem cacau",170490,"Outros produtos de confeitaria, sem cacau",13,29,6,3,3,11,4,42336,23520,23520,2024-10-01
4,0,1,6,27101911,Querosenes de aviação,271019,"Outros óleos de petróleo ou de minerais betuminosos e preparações, exceto desperdícios",25,39,14,6,4,13,2,14876,11338,14,2024-10-01
5,2,2,0,52092200,"Tecidos de algodão que contenham pelo menos 85 %, em peso, de algodão, com peso superior a 200 g/m2, branqueados, em ponto sarjado, incluindo o diagonal, cuja relação de textura não seja superior a 4",520922,"Tecido de algodão branqueado, em ponto sarjado, contendo => 85% em peso de algodão, com peso > 200 g/m2",30,35,18,1,8,3,4,25625,3682,3682,2024-10-01
5,2,2,0,52092900,"Outros tecidos de algodão que contenham pelo menos 85 %, em peso, de algodão, com peso superior a 200 g/m2, branqueados",520929,"Outros tecidos de algodão branqueado, contendo => 85% em peso de algodão, com peso > 200 g/m2",30,35,18,1,8,3,4,2700,458,458,2024-10-01
5,2,2,0,52093200,"Tecidos de algodão que contenham pelo menos 85 %, em peso, de algodão, com peso superior a 200 g/m2, branqueados, em ponto sarjado, incluindo o diagonal, cuja relação de textura não seja superior a 4",520932,"Tecido de algodão tinto, em ponto sarjado, contendo => 85% em peso de algodão, com peso > 200 g/m2",30,35,18,1,8,3,4,89549,12877,12877,2024-10-01
5,2,2,0,52093900,"Outros tecidos de algodão que contenham pelo menos 85 %, em peso, de algodão, com peso superior a 200 g/m2, tintos",520939,"Outros tecidos de algodão tinto, contendo => 85% em peso de algodão, com peso > 200 g/m2",30,35,18,1,8,3,4,3168,534,534,2024-10-01
5,2,3,0,52092200,"Tecidos de algodão que contenham pelo menos 85 %, em peso, de algodão, com peso superior a 200 g/m2, branqueados, em ponto sarjado, incluindo o diagonal, cuja relação de textura não seja superior a 4",520922,"Tecido de algodão branqueado, em ponto sarjado, contendo => 85% em peso de algodão, com peso > 200 g/m2",30,35,18,1,8,3,4,1416,260,260,2024-10-01
5,2,3,0,52093200,"Tecidos de algodão que contenham pelo menos 85 %, em peso, de algodão, com peso superior a 200 g/m2, branqueados, em ponto sarjado, incluindo o diagonal, cuja relação de textura não seja superior a 4",520932,"Tecido de algodão tinto, em ponto sarjado, contendo => 85% em peso de algodão, com peso > 200 g/m2",30,35,18,1,8,3,4,2191,305,305,2024-10-01
6,3,1,1,8071900,Melões frescos,80719,Melões frescos,10,17,3,8,1,12,4,28784,56784,56784,2024-10-01
7,1,0,13,8072000,Mamões (papaias) frescos,80720,Mamões (papaias) frescos,10,17,3,8,1,12,4,21060,16200,16200,2024-10-01
7,1,1,1,8011900,Cocos frescos,80119,"Cocos frescos, mesmo sem casca ou pelados",6,7,3,8,1,12,4,6425,6425,6425,2024-10-01
7,1,1,1,8045020,Mangas frescas ou secas,80450,"Goiabas, mangas e mangostões, frescos ou secos",8,36,3,8,1,12,4,69524,70424,70424,2024-10-01
7,1,1,1,17049020,"Caramelos, confeitos, dropes, pastilhas, e produtos semelhantes, sem cacau",170490,"Outros produtos de confeitaria, sem cacau",13,29,6,3,3,11,4,73948,45325,45325,2024-10-01
7,1,1,5,17049020,"Caramelos, confeitos, dropes, pastilhas, e produtos semelhantes, sem cacau",170490,"Outros produtos de confeitaria, sem cacau",13,29,6,3,3,11,4,34400,21792,21792,2024-10-01
7,1,1,9,68029390,Outros granitos trabalhados de outro modo e suas obras,680293,Granitos trabalhados de outro modo e suas obras,32,23,19,13,9,7,4,43023,43460,43460,2024-10-01
8,2,2,21,52112020,"Tecidos de algodão que contenham menos de 85 %, em peso, de algodão, combinados, principal ou unicamente, com fibras sintéticas ou artificiais, com peso superior a 200 g/m2, branqueados, em ponto sarjado, incluindo o diagonal, cuja relação de textura não",521120,"Tecidos de algodão, branqueados, com fibras sintéticas ou artificiais, contendo < 85% em peso de algodão, com peso > 200 g/m2",31,33,18,1,8,3,4,7217,829,829,2024-10-01
9,7,0,4,3063100,"Lagostas (Palinurus spp., Panulirus spp., Jasus spp.), vivas, frescos ou refrigerados",30631,"Lagostas (Palinurus spp., Panulirus spp., Jasus spp.), vivas, frescos ou refrigerados",2,9,0,16,0,0,4,10609,512,512,2024-10-01
9,7,0,14,85389090,Outras partes para aparelhos de interrupção de circuito elétrico,853890,"Outras partes destinadas aos aparelhos das posições 8535, 8536 e 8537",36,22,23,12,12,6,4,1953,26,26,2024-10-01
9,7,1,1,3061110,"Lagostas (Palinurus spp., Panulirus spp., Jasus spp.) inteiras, congeladas",30611,Lagostas congeladas,2,9,0,16,0,0,4,113267,5940,5940,2024-10-01
9,7,1,11,3061110,"Lagostas (Palinurus spp., Panulirus spp., Jasus spp.) inteiras, congeladas",30611,Lagostas congeladas,2,9,0,16,0,0,4,36140,1960,1960,2024-10-01
9,7,1,15,3061110,"Lagostas (Palinurus spp., Panulirus spp., Jasus spp.) inteiras, congeladas",30611,Lagostas congeladas,2,9,0,16,0,0,4,115587,6150,6150,2024-10-01
9,7,1,17,3061110,"Lagostas (Palinurus spp., Panulirus spp., Jasus spp.) inteiras, congeladas",30611,Lagostas congeladas,2,9,0,16,0,0,4,233574,12440,12440,2024-10-01
9,7,1,17,3061190,"Outras lagostas (Palinurus spp., Panulirus spp., Jasus spp.), congeladas, exceto as inteiras",30611,Lagostas congeladas,2,9,0,16,0,0,4,3906,191,191,2024-10-01
10,2,0,14,39219019,"Outras chapas estratificadas, reforçadas ou com suporte",392190,"Outras chapas, folhas, películas, tiras, lâminas, de plásticos",27,20,16,19,6,9,4,65326,10798,10798,2024-10-01
10,2,0,14,52082200,"Tecidos de algodão que contenham pelo menos 85 %, em peso, de algodão, branqueados, em ponto de tafetá, com peso superior a 100 g/m2",520822,"Tecido de algodão branqueado, em ponto de tafetá, contendo => 85% em peso de algodão, com peso > 100 g/m2 e <= 200 g/m2",29,34,18,1,8,3,4,178,24,24,2024-10-01
10,2,0,14,52092900,"Outros tecidos de algodão que contenham pelo menos 85 %, em peso, de algodão, com peso superior a 200 g/m2, branqueados",520929,"Outros tecidos de algodão branqueado, contendo => 85% em peso de algodão, com peso > 200 g/m2",30,35,18,1,8,3,4,183,22,22,2024-10-01
10,2,0,14,52093900,"Outros tecidos de algodão que contenham pelo menos 85 %, em peso, de algodão, com peso superior a 200 g/m2, tintos",520939,"Outros tecidos de algodão tinto, contendo => 85% em peso de algodão, com peso > 200 g/m2",30,35,18,1,8,3,4,343,38,38,2024-10-01
10,2,1,1,52082200,"Tecidos de algodão que contenham pelo menos 85 %, em peso, de algodão, branqueados, em ponto de tafetá, com peso superior a 100 g/m2",520822,"Tecido de algodão branqueado, em ponto de tafetá, contendo => 85% em peso de algodão, com peso > 100 g/m2 e <= 200 g/m2",29,34,18,1,8,3,4,37508,5922,5922,2024-10-01
10,2,1,1,52092200,"Tecidos de algodão que contenham pelo menos 85 %, em peso, de algodão, com peso superior a 200 g/m2, branqueados, em ponto sarjado, incluindo o diagonal, cuja relação de textura não seja superior a 4",520922,"Tecido de algodão branqueado, em ponto sarjado, contendo => 85% em peso de algodão, com peso > 200 g/m2",30,35,18,1,8,3,4,11309,2052,2052,2024-10-01
10,2,1,1,52092900,"Outros tecidos de algodão que contenham pelo menos 85 %, em peso, de algodão, com peso superior a 200 g/m2, branqueados",520929,"Outros tecidos de algodão branqueado, contendo => 85% em peso de algodão, com peso > 200 g/m2",30,35,18,1,8,3,4,11225,1953,1953,2024-10-01
10,2,1,1,52093200,"Tecidos de algodão que contenham pelo menos 85 %, em peso, de algodão, com peso superior a 200 g/m2, branqueados, em ponto sarjado, incluindo o diagonal, cuja relação de textura não seja superior a 4",520932,"Tecido de algodão tinto, em ponto sarjado, contendo => 85% em peso de algodão, com peso > 200 g/m2",30,35,18,1,8,3,4,75201,12535,12535,2024-10-01
10,2,1,7,52091900,"Outros tecidos de algodão que contenham pelo menos 85 %, em peso, de algodão, com peso superior a 200 g/m2, crus",520919,"Outros tecidos de algodão cru, contendo => 85% em peso de algodão, com peso > 200 g/m2",30,35,18,1,8,3,4,5969,840,840,2024-10-01
10,2,1,7,52092200,"Tecidos de algodão que contenham pelo menos 85 %, em peso, de algodão, com peso superior a 200 g/m2, branqueados, em ponto sarjado, incluindo o diagonal, cuja relação de textura não seja superior a 4",520922,"Tecido de algodão branqueado, em ponto sarjado, contendo => 85% em peso de algodão, com peso > 200 g/m2",30,35,18,1,8,3,4,55045,8114,8114,2024-10-01
10,2,1,7,52092900,"Outros tecidos de algodão que contenham pelo menos 85 %, em peso, de algodão, com peso superior a 200 g/m2, branqueados",520929,"Outros tecidos de algodão branqueado, contendo => 85% em peso de algodão, com peso > 200 g/m2",30,35,18,1,8,3,4,23843,3221,3221,2024-10-01
10,2,1,7,52093200,"Tecidos de algodão que contenham pelo menos 85 %, em peso, de algodão, com peso superior a 200 g/m2, branqueados, em ponto sarjado, incluindo o diagonal, cuja relação de textura não seja superior a 4",520932,"Tecido de algodão tinto, em ponto sarjado, contendo => 85% em peso de algodão, com peso > 200 g/m2",30,35,18,1,8,3,4,37782,5136,5136,2024-10-01
10,2,1,7,52112020,"Tecidos de algodão que contenham menos de 85 %, em peso, de algodão, combinados, principal ou unicamente, com fibras sintéticas ou artificiais, com peso superior a 200 g/m2, branqueados, em ponto sarjado, incluindo o diagonal, cuja relação de textura não",521120,"Tecidos de algodão, branqueados, com fibras sintéticas ou artificiais, contendo < 85% em peso de algodão, com peso > 200 g/m2",31,33,18,1,8,3,4,2865,540,540,2024-10-01
10,2,1,7,52112090,"Outros tecidos de algodão que contenham menos de 85 %, em peso, de algodão, combinados, principal ou unicamente, com fibras sintéticas ou artificiais, com peso superior a 200 g/m2, branqueados",521120,"Tecidos de algodão, branqueados, com fibras sintéticas ou artificiais, contendo < 85% em peso de algodão, com peso > 200 g/m2",31,33,18,1,8,3,4,7086,1187,1187,2024-10-01
10,2,1,15,52092200,"Tecidos de algodão que contenham pelo menos 85 %, em peso, de algodão, com peso superior a 200 g/m2, branqueados, em ponto sarjado, incluindo o diagonal, cuja relação de textura não seja superior a 4",520922,"Tecido de algodão branqueado, em ponto sarjado, contendo => 85% em peso de algodão, com peso > 200 g/m2",30,35,18,1,8,3,4,92247,14990,14990,2024-10-01
10,2,1,15,52092900,"Outros tecidos de algodão que contenham pelo menos 85 %, em peso, de algodão, com peso superior a 200 g/m2, branqueados",520929,"Outros tecidos de algodão branqueado, contendo => 85% em peso de algodão, com peso > 200 g/m2",30,35,18,1,8,3,4,10320,1623,1623,2024-10-01
10,2,1,15,52093200,"Tecidos de algodão que contenham pelo menos 85 %, em peso, de algodão, com peso superior a 200 g/m2, branqueados, em ponto sarjado, incluindo o diagonal, cuja relação de textura não seja superior a 4",520932,"Tecido de algodão tinto, em ponto sarjado, contendo => 85% em peso de algodão, com peso > 200 g/m2",30,35,18,1,8,3,4,70065,9205,9205,2024-10-01
10,2,1,15,52093900,"Outros tecidos de algodão que contenham pelo menos 85 %, em peso, de algodão, com peso superior a 200 g/m2, tintos",520939,"Outros tecidos de algodão tinto, contendo => 85% em peso de algodão, com peso > 200 g/m2",30,35,18,1,8,3,4,34516,4482,4482,2024-10-01
10,2,1,15,52113200,"Tecidos de algodão que contenham menos de 85 %, em peso, de algodão, combinados, principal ou unicamente, com fibras sintéticas ou artificiais, peso > 200 g/m2, tintos, em ponto sarjado, incluindo o diagonal, cuja relação de textura não seja superior a 4",521132,"Tecido de algodão tinto, em ponto sarjado, com fibras sintéticas ou artificiais, contendo < 85% em peso de algodão, com peso > 200 g/m2",31,33,18,1,8,3,4,10733,2071,2071,2024-10-01
11,0,1,15,52093200,"Tecidos de algodão que contenham pelo menos 85 %, em peso, de algodão, com peso superior a 200 g/m2, branqueados, em ponto sarjado, incluindo o diagonal, cuja relação de textura não seja superior a 4",520932,"Tecido de algodão tinto, em ponto sarjado, contendo => 85% em peso de algodão, com peso > 200 g/m2",30,35,18,1,8,3,4,24309,2827,2827,2024-10-01
12,6,1,1,41015010,"Couros e peles em bruto, de bovinos, inteiros, de peso unitário superior a 16 kg, sem dividir",410150,"Couros e peles de bovinos ou de eqüídeos, inteiros, de peso unitário > 16 kg",28,8,17,17,7,8,4,19600,56000,56000,2024-10-01
12,6,1,1,52093200,"Tecidos de algodão que contenham pelo menos 85 %, em peso, de algodão, com peso superior a 200 g/m2, branqueados, em ponto sarjado, incluindo o diagonal, cuja relação de textura não seja superior a 4",520932,"Tecido de algodão tinto, em ponto sarjado, contendo => 85% em peso de algodão, com peso > 200 g/m2",30,35,18,1,8,3,4,40900,8313,8313,2024-10-01
13,5,1,6,27101911,Querosenes de aviação,271019,"Outros óleos de petróleo ou de minerais betuminosos e preparações, exceto desperdícios",25,39,14,6,4,13,2,4307,4773,6,2024-10-01
14,2,1,1,52091900,"Outros tecidos de algodão que contenham pelo menos 85 %, em peso, de algodão, com peso superior a 200 g/m2, crus",520919,"Outros tecidos de algodão cru, contendo => 85% em peso de algodão, com peso > 200 g/m2",30,35,18,1,8,3,4,8415,1239,1239,2024-10-01
14,2,1,1,52092200,"Tecidos de algodão que contenham pelo menos 85 %, em peso, de algodão, com peso superior a 200 g/m2, branqueados, em ponto sarjado, incluindo o diagonal, cuja relação de textura não seja superior a 4",520922,"Tecido de algodão branqueado, em ponto sarjado, contendo => 85% em peso de algodão, com peso > 200 g/m2",30,35,18,1,8,3,4,192980,32726,32726,2024-10-01
14,2,1,1,52092900,"Outros tecidos de algodão que contenham pelo menos 85 %, em peso, de algodão, com peso superior a 200 g/m2, branqueados",520929,"Outros tecidos de algodão branqueado, contendo => 85% em peso de algodão, com peso > 200 g/m2",30,35,18,1,8,3,4,10014,2225,2225,2024-10-01
15,3,0,2,8072000,Mamões (papaias) frescos,80720,Mamões (papaias) frescos,10,17,3,8,1,12,4,2707,2250,2250,2024-10-01
15,3,0,8,8072000,Mamões (papaias) frescos,80720,Mamões (papaias) frescos,10,17,3,8,1,12,4,6749,6237,6237,2024-10-01
15,3,0,14,8072000,Mamões (papaias) frescos,80720,Mamões (papaias) frescos,10,17,3,8,1,12,4,53678,50832,50832,2024-10-01
15,3,1,6,27101911,Querosenes de aviação,271019,"Outros óleos de petróleo ou de minerais betuminosos e preparações, exceto desperdícios",25,39,14,6,4,13,2,10261,7476,10,2024-10-01
16,1,0,2,3023200,"Albacoras/atuns barbatana amarela, frescas/refrigerado, exceto filés",30232,"Albacoras ou atuns-de-barbatanas-amarelas, frescos ou refrigerados, exceto fígado, ovas, sêmen, ou filés e outras carnes da posição 0304",0,26,0,16,0,0,4,27200,2474,2474,2024-10-01
16,1,0,2,3023400,"Albacoras-bandolim (patudos) frescos, refrigerados",30234,"Albacoras-bandolim (patudos), frescos ou refrigerados, exceto fígado, ovas, sêmen, ou filés e outras carnes da posição 0304",0,26,0,16,0,0,4,109406,10177,10177,2024-10-01
16,1,0,2,3024700,"Espadarte (Xiphias gladius), frescos ou refrigerados",30247,"Espadarte (Xiphias gladius), frescos ou refrigerados",0,26,0,16,0,0,4,18473,2118,2118,2024-10-01
16,1,0,2,3028990,Outros peixes frescos ou refrigerados,30289,"Outros peixes, exceto fígados, ovas e sêmen",0,26,0,16,0,0,4,17603,1326,1326,2024-10-01
16,1,0,4,3023200,"Albacoras/atuns barbatana amarela, frescas/refrigerado, exceto filés",30232,"Albacoras ou atuns-de-barbatanas-amarelas, frescos ou refrigerados, exceto fígado, ovas, sêmen, ou filés e outras carnes da posição 0304",0,26,0,16,0,0,4,26608,2835,2835,2024-10-01
16,1,0,4,3023400,"Albacoras-bandolim (patudos) frescos, refrigerados",30234,"Albacoras-bandolim (patudos), frescos ou refrigerados, exceto fígado, ovas, sêmen, ou filés e outras carnes da posição 0304",0,26,0,16,0,0,4,66817,7387,7387,2024-10-01
16,1,0,4,3024700,"Espadarte (Xiphias gladius), frescos ou refrigerados",30247,"Espadarte (Xiphias gladius), frescos ou refrigerados",0,26,0,16,0,0,4,3384,384,384,2024-10-01
16,1,0,4,3028990,Outros peixes frescos ou refrigerados,30289,"Outros peixes, exceto fígados, ovas e sêmen",0,26,0,16,0,0,4,23397,2015,2015,2024-10-01
16,1,0,13,3023200,"Albacoras/atuns barbatana amarela, frescas/refrigerado, exceto filés",30232,"Albacoras ou atuns-de-barbatanas-amarelas, frescos ou refrigerados, exceto fígado, ovas, sêmen, ou filés e outras carnes da posição 0304",0,26,0,16,0,0,4,95478,9530,9530,2024-10-01
16,1,0,13,3024700,"Espadarte (Xiphias gladius), frescos ou refrigerados",30247,"Espadarte (Xiphias gladius), frescos ou refrigerados",0,26,0,16,0,0,4,100327,10360,10360,2024-10-01
16,1,0,13,3028990,Outros peixes frescos ou refrigerados,30289,"Outros peixes, exceto fígados, ovas e sêmen",0,26,0,16,0,0,4,151169,21782,21782,2024-10-01
16,1,0,13,15159090,"Outras gorduras e óleos vegetais, mesmo refinado",151590,"Outras gorduras e óleos vegetais fixos e respectivas frações, mesmo refinados, mas não quimicamente modificados",12,21,5,9,2,1,4,3990,190,190,2024-10-01
16,1,0,13,71031000,"Pedras preciosas (exceto diamantes) ou semipreciosas, em bruto ou simplesmente serradas ou desbastadas",710310,"Pedras preciosas ou semipreciosas, em bruto ou simplesmente serradas ou desbastadas",33,24,20,23,10,14,4,1203,1,1,2024-10-01
16,1,0,14,3023200,"Albacoras/atuns barbatana amarela, frescas/refrigerado, exceto filés",30232,"Albacoras ou atuns-de-barbatanas-amarelas, frescos ou refrigerados, exceto fígado, ovas, sêmen, ou filés e outras carnes da posição 0304",0,26,0,16,0,0,4,9350,985,985,2024-10-01
16,1,0,14,3023400,"Albacoras-bandolim (patudos) frescos, refrigerados",30234,"Albacoras-bandolim (patudos), frescos ou refrigerados, exceto fígado, ovas, sêmen, ou filés e outras carnes da posição 0304",0,26,0,16,0,0,4,55676,5981,5981,2024-10-01
16,1,0,14,12119090,"Outras plantas e partes, para perfumaria, medicina e semelhantes",121190,"Outras plantas, partes de plantas, sementes e frutos, frescos ou secos, mesmo cortados, triturados ou em pó, para uso em perfumaria, medicina ou como inseticidas, parasiticidas ou semelhantes",11,27,4,25,1,12,4,400,10,10,2024-10-01
16,1,0,14,39219019,"Outras chapas estratificadas, reforçadas ou com suporte",392190,"Outras chapas, folhas, películas, tiras, lâminas, de plásticos",27,20,16,19,6,9,4,379,71,71,2024-10-01
16,1,1,1,3038910,"Corvina (Micropogonias furnieri), congelada",30389,"Outros peixes, exceto fígados, ovas e sêmen",1,25,0,16,0,0,4,28575,3396,3396,2024-10-01
16,1,1,1,3038990,"Outros peixes congelados, exceto filés, outras carnes,etc.",30389,"Outros peixes, exceto fígados, ovas e sêmen",1,25,0,16,0,0,4,121402,15238,15238,2024-10-01
16,1,1,1,3061190,"Outras lagostas (Palinurus spp., Panulirus spp., Jasus spp.), congeladas, exceto as inteiras",30611,Lagostas congeladas,2,9,0,16,0,0,4,164970,4350,4350,2024-10-01
16,1,1,1,8045020,Mangas frescas ou secas,80450,"Goiabas, mangas e mangostões, frescos ou secos",8,36,3,8,1,12,4,66752,70424,70424,2024-10-01
16,1,1,1,25010020,Sal de mesa,250100,"Sal (incluídos o sal de mesa e o sal desnaturado) e cloreto de sódio puro, mesmo em solução aquosa ou adicionados de agentes antiaglomerantes",20,32,12,24,4,13,4,6156,27000,27000,2024-10-01
16,1,1,1,25010090,"Outros tipos de sal, cloreto de sódio puro e água do mar",250100,"Sal (incluídos o sal de mesa e o sal desnaturado) e cloreto de sódio puro, mesmo em solução aquosa ou adicionados de agentes antiaglomerantes",20,32,12,24,4,13,4,6156,27000,27000,2024-10-01
16,1,1,1,68029390,Outros granitos trabalhados de outro modo e suas obras,680293,Granitos trabalhados de outro modo e suas obras,32,23,19,13,9,7,4,14274,16215,16215,2024-10-01
16,1,1,1,68029990,"Outras pedras de cantaria, etc, trabalhadas de outro modo e obra",680299,Outras pedras de cantaria trabalhadas de outro modo e suas obras,32,23,19,13,9,7,4,18269,9645,9645,2024-10-01
16,1,1,7,25010020,Sal de mesa,250100,"Sal (incluídos o sal de mesa e o sal desnaturado) e cloreto de sódio puro, mesmo em solução aquosa ou adicionados de agentes antiaglomerantes",20,32,12,24,4,13,4,6156,27000,27000,2024-10-01
16,1,1,9,17049020,"Caramelos, confeitos, dropes, pastilhas, e produtos semelhantes, sem cacau",170490,"Outros produtos de confeitaria, sem cacau",13,29,6,3,3,11,4,107367,52005,52005,2024-10-01
16,1,1,15,68029390,Outros granitos trabalhados de outro modo e suas obras,680293,Granitos trabalhados de outro modo e suas obras,32,23,19,13,9,7,4,18168,25635,25635,2024-10-01
16,1,1,15,68029990,"Outras pedras de cantaria, etc, trabalhadas de outro modo e obra",680299,Outras pedras de cantaria trabalhadas de outro modo e suas obras,32,23,19,13,9,7,4,1,20,20,2024-10-01
17,3,0,2,8072000,Mamões (papaias) frescos,80720,Mamões (papaias) frescos,10,17,3,8,1,12,4,16085,13028,13028,2024-10-01
17,3,0,13,8072000,Mamões (papaias) frescos,80720,Mamões (papaias) frescos,10,17,3,8,1,12,4,7765,5850,5850,2024-10-01
17,3,0,14,8072000,Mamões (papaias) frescos,80720,Mamões (papaias) frescos,10,17,3,8,1,12,4,15647,12960,12960,2024-10-01
17,3,1,1,8071900,Melões frescos,80719,Melões frescos,10,17,3,8,1,12,4,54046,66150,66150,2024-10-01
17,3,1,1,25251000,Mica em bruto ou clivada em folhas ou lamelas irregulares (splittings),252510,Mica em bruto ou clivada em folhas ou lamelas irregulares,23,18,12,24,4,13,4,31372,44000,44000,2024-10-01
17,3,1,6,27101911,Querosenes de aviação,271019,"Outros óleos de petróleo ou de minerais betuminosos e preparações, exceto desperdícios",25,39,14,6,4,13,2,9616,9991,13,2024-10-01
17,3,1,15,85492900,"Outros desperdícios e resíduos do tipo utilizado principalmente para a recuperação de metais preciosos, não classificados em códigos anteriores",854929,"Outros resíduos e sucata elétrica e eletrônica, do tipo utilizado principalmente para a recuperação de metais preciosos, não classificados nos códigos anteriores  ",37,11,23,12,12,6,4,33656,19792,19792,2024-10-01
18,0,0,14,52113900,"Outros tecidos de algodão que contenham menos de 85 %, em peso, de algodão, combinados, principal ou unicamente, com fibras sintéticas ou artificiais, com peso superior a 200 g/m2, tintos",521139,"Outros tecidos de algodão tinto, com fibras sintéticas ou artificiais, contendo < 85% em peso de algodão, com peso > 200 g/m2",31,33,18,1,8,3,4,814,62,62,2024-10-01
18,0,1,1,52093200,"Tecidos de algodão que contenham pelo menos 85 %, em peso, de algodão, com peso superior a 200 g/m2, branqueados, em ponto sarjado, incluindo o diagonal, cuja relação de textura não seja superior a 4",520932,"Tecido de algodão tinto, em ponto sarjado, contendo => 85% em peso de algodão, com peso > 200 g/m2",30,35,18,1,8,3,4,1953,343,343,2024-10-01
18,0,1,1,52113900,"Outros tecidos de algodão que contenham menos de 85 %, em peso, de algodão, combinados, principal ou unicamente, com fibras sintéticas ou artificiais, com peso superior a 200 g/m2, tintos",521139,"Outros tecidos de algodão tinto, com fibras sintéticas ou artificiais, contendo < 85% em peso de algodão, com peso > 200 g/m2",31,33,18,1,8,3,4,27764,3650,3650,2024-10-01
18,0,1,15,52093200,"Tecidos de algodão que contenham pelo menos 85 %, em peso, de algodão, com peso superior a 200 g/m2, branqueados, em ponto sarjado, incluindo o diagonal, cuja relação de textura não seja superior a 4",520932,"Tecido de algodão tinto, em ponto sarjado, contendo => 85% em peso de algodão, com peso > 200 g/m2",30,35,18,1,8,3,4,32727,3987,3987,2024-10-01
18,0,1,15,52113900,"Outros tecidos de algodão que contenham menos de 85 %, em peso, de algodão, combinados, principal ou unicamente, com fibras sintéticas ou artificiais, com peso superior a 200 g/m2, tintos",521139,"Outros tecidos de algodão tinto, com fibras sintéticas ou artificiais, contendo < 85% em peso de algodão, com peso > 200 g/m2",31,33,18,1,8,3,4,18033,2142,2142,2024-10-01
19,0,1,1,52093200,"Tecidos de algodão que contenham pelo menos 85 %, em peso, de algodão, com peso superior a 200 g/m2, branqueados, em ponto sarjado, incluindo o diagonal, cuja relação de textura não seja superior a 4",520932,"Tecido de algodão tinto, em ponto sarjado, contendo => 85% em peso de algodão, com peso > 200 g/m2",30,35,18,1,8,3,4,111995,17984,17984,2024-10-01
19,0,1,7,52093200,"Tecidos de algodão que contenham pelo menos 85 %, em peso, de algodão, com peso superior a 200 g/m2, branqueados, em ponto sarjado, incluindo o diagonal, cuja relação de textura não seja superior a 4",520932,"Tecido de algodão tinto, em ponto sarjado, contendo => 85% em peso de algodão, com peso > 200 g/m2",30,35,18,1,8,3,4,20565,3340,3340,2024-10-01
20,7,0,4,3063100,"Lagostas (Palinurus spp., Panulirus spp., Jasus spp.), vivas, frescos ou refrigerados",30631,"Lagostas (Palinurus spp., Panulirus spp., Jasus spp.), vivas, frescos ou refrigerados",2,9,0,16,0,0,4,12400,560,560,2024-10-01
21,7,0,14,82032090,"Tenazes, pinças, ferramentas manuais semelhantes de metais comuns",820320,"Alicates (mesmo cortantes), tenazes, pinças e ferramentas semelhantes, manuais, de metais comuns",35,16,22,7,11,5,4,1307,1,1,2024-10-01
22,3,1,7,8071100,Melancias frescas,80711,Melancias frescas,10,17,3,8,1,12,4,20481,43424,43424,2024-10-01
22,3,1,7,8071900,Melões frescos,80719,Melões frescos,10,17,3,8,1,12,4,1523,2730,2730,2024-10-01
23,3,0,10,8072000,Mamões (papaias) frescos,80720,Mamões (papaias) frescos,10,17,3,8,1,12,4,5920,5792,5792,2024-10-01
23,3,0,13,8072000,Mamões (papaias) frescos,80720,Mamões (papaias) frescos,10,17,3,8,1,12,4,87993,73458,73458,2024-10-01
23,3,0,14,39219019,"Outras chapas estratificadas, reforçadas ou com suporte",392190,"Outras chapas, folhas, películas, tiras, lâminas, de plásticos",27,20,16,19,6,9,4,1232,10,10,2024-10-01
23,3,1,1,8071100,Melancias frescas,80711,Melancias frescas,10,17,3,8,1,12,4,1882,2752,2752,2024-10-01
25,1,1,15,68029390,Outros granitos trabalhados de outro modo e suas obras,680293,Granitos trabalhados de outro modo e suas obras,32,23,19,13,9,7,4,22659,23540,23540,2024-10-01
28,2,2,16,18069000,Outros chocolates e preparações alimentícias contendo cacau,180690,Outros chocolates e preparações alimentícias contendo cacau,14,5,7,5,3,11,4,1888,1560,1560,2024-10-01
28,2,2,16,19059090,"Outros produtos de padaria, pastelaria, indústria de biscoitos, etc",190590,"Outros produtos de padaria, pastelaria ou da indústria de biscoitos, mesmo com adição de cacau",15,31,8,22,3,11,4,24057,12558,12558,2024-10-01
28,2,2,16,21069090,Outras preparações alimentícias,210690,Outras preparações alimentícias,18,28,10,20,3,11,4,2698,2512,2512,2024-10-01
28,2,2,16,52091200,"Tecidos de algodão que contenham pelo menos 85 %, em peso, de algodão, com peso superior a 200 g/m2, crus, em ponto sarjado, incluindo o diagonal, cuja relação de textura não seja superior a 4",520912,"Tecido de algodão cru, em ponto sarjado, contendo => 85% em peso de algodão, com peso > 200 g/m2",30,35,18,1,8,3,4,531,97,97,2024-10-01
28,2,2,16,52092200,"Tecidos de algodão que contenham pelo menos 85 %, em peso, de algodão, com peso superior a 200 g/m2, branqueados, em ponto sarjado, incluindo o diagonal, cuja relação de textura não seja superior a 4",520922,"Tecido de algodão branqueado, em ponto sarjado, contendo => 85% em peso de algodão, com peso > 200 g/m2",30,35,18,1,8,3,4,61299,8450,8450,2024-10-01
28,2,2,16,52092900,"Outros tecidos de algodão que contenham pelo menos 85 %, em peso, de algodão, com peso superior a 200 g/m2, branqueados",520929,"Outros tecidos de algodão branqueado, contendo => 85% em peso de algodão, com peso > 200 g/m2",30,35,18,1,8,3,4,28813,4124,4124,2024-10-01
28,2,2,16,52093200,"Tecidos de algodão que contenham pelo menos 85 %, em peso, de algodão, com peso superior a 200 g/m2, branqueados, em ponto sarjado, incluindo o diagonal, cuja relação de textura não seja superior a 4",520932,"Tecido de algodão tinto, em ponto sarjado, contendo => 85% em peso de algodão, com peso > 200 g/m2",30,35,18,1,8,3,4,230555,29815,29815,2024-10-01
28,2,2,16,52093900,"Outros tecidos de algodão que contenham pelo menos 85 %, em peso, de algodão, com peso superior a 200 g/m2, tintos",520939,"Outros tecidos de algodão tinto, contendo => 85% em peso de algodão, com peso > 200 g/m2",30,35,18,1,8,3,4,21370,2517,2517,2024-10-01
28,2,2,16,52111900,"Outros tecidos de algodão que contenham menos de 85 %, em peso, de algodão, combinados, principal ou unicamente, com fibras sintéticas ou artificiais, com peso superior a 200 g/m2, crus",521119,"Outros tecidos de algodão cru, com fibras sintéticas ou artificiais, contendo < 85% em peso de algodão, com peso > 200 g/m2",31,33,18,1,8,3,4,809,80,80,2024-10-01
28,2,2,16,52113200,"Tecidos de algodão que contenham menos de 85 %, em peso, de algodão, combinados, principal ou unicamente, com fibras sintéticas ou artificiais, peso > 200 g/m2, tintos, em ponto sarjado, incluindo o diagonal, cuja relação de textura não seja superior a 4",521132,"Tecido de algodão tinto, em ponto sarjado, com fibras sintéticas ou artificiais, contendo < 85% em peso de algodão, com peso > 200 g/m2",31,33,18,1,8,3,4,4883,362,362,2024-10-01
28,2,2,16,52113900,"Outros tecidos de algodão que contenham menos de 85 %, em peso, de algodão, combinados, principal ou unicamente, com fibras sintéticas ou artificiais, com peso superior a 200 g/m2, tintos",521139,"Outros tecidos de algodão tinto, com fibras sintéticas ou artificiais, contendo < 85% em peso de algodão, com peso > 200 g/m2",31,33,18,1,8,3,4,112181,14394,14394,2024-10-01
28,2,2,16,96062100,"Botões de plástico, não recobertos de matérias têxteis",960621,"Botões de plásticos, não recobertos de matérias têxteis",39,3,25,14,14,4,4,656,10,10,2024-10-01
29,3,0,2,8072000,Mamões (papaias) frescos,80720,Mamões (papaias) frescos,10,17,3,8,1,12,4,7558,6288,6288,2024-10-01
29,3,0,4,8072000,Mamões (papaias) frescos,80720,Mamões (papaias) frescos,10,17,3,8,1,12,4,4876,4028,4028,2024-10-01
29,3,0,6,6031900,"Outros flores e seus botões, cortados para buquês, ornamentais frescos",60319,"Outras flores frescas e seus botões, cortadas para buquês ou para ornamentação",5,13,2,18,1,12,0,6436,880,857,2024-10-01
29,3,0,13,8072000,Mamões (papaias) frescos,80720,Mamões (papaias) frescos,10,17,3,8,1,12,4,16451,12926,12926,2024-10-01
29,3,1,1,20082090,"Abacaxis (ananases), preparados ou conservados de outro modo",200820,Abacaxis preparados ou conservados,17,14,9,21,3,11,4,1941,1026,1026,2024-10-01
29,3,1,1,20089900,"Outras frutas, partes de plantas, preparadas/conservadas de outro modo",200899,"Outras frutas e partes de plantas, preparadas ou conservadas",17,14,9,21,3,11,4,59370,16728,16728,2024-10-01
29,3,1,1,52091200,"Tecidos de algodão que contenham pelo menos 85 %, em peso, de algodão, com peso superior a 200 g/m2, crus, em ponto sarjado, incluindo o diagonal, cuja relação de textura não seja superior a 4",520912,"Tecido de algodão cru, em ponto sarjado, contendo => 85% em peso de algodão, com peso > 200 g/m2",30,35,18,1,8,3,4,19591,6898,6898,2024-10-01
29,3,1,7,8071100,Melancias frescas,80711,Melancias frescas,10,17,3,8,1,12,4,5415,12960,12960,2024-10-01
29,3,1,15,85492900,"Outros desperdícios e resíduos do tipo utilizado principalmente para a recuperação de metais preciosos, não classificados em códigos anteriores",854929,"Outros resíduos e sucata elétrica e eletrônica, do tipo utilizado principalmente para a recuperação de metais preciosos, não classificados nos códigos anteriores  ",37,11,23,12,12,6,4,2793,1834,1834,2024-10-01
30,2,1,1,52092200,"Tecidos de algodão que contenham pelo menos 85 %, em peso, de algodão, com peso superior a 200 g/m2, branqueados, em ponto sarjado, incluindo o diagonal, cuja relação de textura não seja superior a 4",520922,"Tecido de algodão branqueado, em ponto sarjado, contendo => 85% em peso de algodão, com peso > 200 g/m2",30,35,18,1,8,3,4,159165,32976,32976,2024-10-01
30,2,1,1,52093200,"Tecidos de algodão que contenham pelo menos 85 %, em peso, de algodão, com peso superior a 200 g/m2, branqueados, em ponto sarjado, incluindo o diagonal, cuja relação de textura não seja superior a 4",520932,"Tecido de algodão tinto, em ponto sarjado, contendo => 85% em peso de algodão, com peso > 200 g/m2",30,35,18,1,8,3,4,6539,1029,1029,2024-10-01
30,2,1,15,52092200,"Tecidos de algodão que contenham pelo menos 85 %, em peso, de algodão, com peso superior a 200 g/m2, branqueados, em ponto sarjado, incluindo o diagonal, cuja relação de textura não seja superior a 4",520922,"Tecido de algodão branqueado, em ponto sarjado, contendo => 85% em peso de algodão, com peso > 200 g/m2",30,35,18,1,8,3,4,73754,13939,13939,2024-10-01
30,2,1,15,52092900,"Outros tecidos de algodão que contenham pelo menos 85 %, em peso, de algodão, com peso superior a 200 g/m2, branqueados",520929,"Outros tecidos de algodão branqueado, contendo => 85% em peso de algodão, com peso > 200 g/m2",30,35,18,1,8,3,4,7114,1092,1092,2024-10-01
30,2,1,15,52093200,"Tecidos de algodão que contenham pelo menos 85 %, em peso, de algodão, com peso superior a 200 g/m2, branqueados, em ponto sarjado, incluindo o diagonal, cuja relação de textura não seja superior a 4",520932,"Tecido de algodão tinto, em ponto sarjado, contendo => 85% em peso de algodão, com peso > 200 g/m2",30,35,18,1,8,3,4,2182,355,355,2024-10-01
31,0,1,7,17049020,"Caramelos, confeitos, dropes, pastilhas, e produtos semelhantes, sem cacau",170490,"Outros produtos de confeitaria, sem cacau",13,29,6,3,3,11,4,44365,24389,24389,2024-10-01
32,3,0,2,8072000,Mamões (papaias) frescos,80720,Mamões (papaias) frescos,10,17,3,8,1,12,4,47781,43214,43214,2024-10-01
32,3,0,4,8072000,Mamões (papaias) frescos,80720,Mamões (papaias) frescos,10,17,3,8,1,12,4,44549,40095,40095,2024-10-01
32,3,0,10,8072000,Mamões (papaias) frescos,80720,Mamões (papaias) frescos,10,17,3,8,1,12,4,1366,1337,1337,2024-10-01
32,3,1,6,21069090,Outras preparações alimentícias,210690,Outras preparações alimentícias,18,28,10,20,3,11,4,18409,7405,7405,2024-10-01
32,3,1,6,22019000,"Outras águas, não adicionadas de açúcar ou de outros edulcorantes nem aromatizadas; gelo e neve",220190,"Outras águas, não adicionadas de açúcar nem aromatizadas; gelo e neve",19,37,11,4,3,11,1,120,336,336,2024-10-01
33,3,0,10,8072000,Mamões (papaias) frescos,80720,Mamões (papaias) frescos,10,17,3,8,1,12,4,16020,14400,14400,2024-10-01
33,3,0,13,8072000,Mamões (papaias) frescos,80720,Mamões (papaias) frescos,10,17,3,8,1,12,4,52741,50176,50176,2024-10-01
33,3,1,1,8055000,"Limões (Citrus limon, Citrus limonum) e limas (Citrus aurantifolia, Citrus latifolia), frescos ou secos",80550,"Limões e limas, frescos ou secos",9,6,3,8,1,12,4,60,92,92,2024-10-01
33,3,1,6,8071900,Melões frescos,80719,Melões frescos,10,17,3,8,1,12,4,58266,67405,67405,2024-10-01
33,3,1,7,8071900,Melões frescos,80719,Melões frescos,10,17,3,8,1,12,4,24230,39508,39508,2024-10-01
34,0,1,9,17049020,"Caramelos, confeitos, dropes, pastilhas, e produtos semelhantes, sem cacau",170490,"Outros produtos de confeitaria, sem cacau",13,29,6,3,3,11,4,33335,20572,20572,2024-10-01
35,7,0,14,71039900,"Outras pedras preciosas (exceto diamantes) ou semipreciosas, trabalhadas de outro modo",710399,"Outras pedras preciosas ou semipreciosas, trabalhadas de outro modo",33,24,20,23,10,14,3,300,0,2,2024-10-01
35,7,1,1,3061110,"Lagostas (Palinurus spp., Panulirus spp., Jasus spp.) inteiras, congeladas",30611,Lagostas congeladas,2,9,0,16,0,0,4,36190,1880,1880,2024-10-01
36,7,1,1,52092200,"Tecidos de algodão que contenham pelo menos 85 %, em peso, de algodão, com peso superior a 200 g/m2, branqueados, em ponto sarjado, incluindo o diagonal, cuja relação de textura não seja superior a 4",520922,"Tecido de algodão branqueado, em ponto sarjado, contendo => 85% em peso de algodão, com peso > 200 g/m2",30,35,18,1,8,3,4,114576,23581,23581,2024-10-01
37,3,0,4,20079990,"Doces, pures e pastas, de outras frutas",200799,"Geleias, doces, purês e marmelades, de outras frutas",16,12,9,21,3,11,4,2773,300,300,2024-10-01
37,3,0,4,39219019,"Outras chapas estratificadas, reforçadas ou com suporte",392190,"Outras chapas, folhas, películas, tiras, lâminas, de plásticos",27,20,16,19,6,9,4,402,98,98,2024-10-01
37,3,0,13,8072000,Mamões (papaias) frescos,80720,Mamões (papaias) frescos,10,17,3,8,1,12,4,1766,1350,1350,2024-10-01
37,3,0,14,90213190,Outras próteses articulares,902131,Próteses articulares,38,1,24,10,13,2,4,110,0,0,2024-10-01
38,7,0,14,71039900,"Outras pedras preciosas (exceto diamantes) ou semipreciosas, trabalhadas de outro modo",710399,"Outras pedras preciosas ou semipreciosas, trabalhadas de outro modo",33,24,20,23,10,14,3,99650,0,620,2024-10-01
39,7,1,1,3061110,"Lagostas (Palinurus spp., Panulirus spp., Jasus spp.) inteiras, congeladas",30611,Lagostas congeladas,2,9,0,16,0,0,4,64200,3320,3320,2024-10-01
39,7,1,1,3061190,"Outras lagostas (Palinurus spp., Panulirus spp., Jasus spp.), congeladas, exceto as inteiras",30611,Lagostas congeladas,2,9,0,16,0,0,4,1029,48,48,2024-10-01
39,7,1,15,3061110,"Lagostas (Palinurus spp., Panulirus spp., Jasus spp.) inteiras, congeladas",30611,Lagostas congeladas,2,9,0,16,0,0,4,140937,7430,7430,2024-10-01
39,7,1,15,3061190,"Outras lagostas (Palinurus spp., Panulirus spp., Jasus spp.), congeladas, exceto as inteiras",30611,Lagostas congeladas,2,9,0,16,0,0,4,1749,45,45,2024-10-01
39,7,1,15,76020000,"Desperdícios e resíduos, de alumínio",760200,"Desperdícios e resíduos, de alumínio",34,10,21,2,11,5,4,36713,22050,22050,2024-10-01
40,3,0,2,52092200,"Tecidos de algodão que contenham pelo menos 85 %, em peso, de algodão, com peso superior a 200 g/m2, branqueados, em ponto sarjado, incluindo o diagonal, cuja relação de textura não seja superior a 4",520922,"Tecido de algodão branqueado, em ponto sarjado, contendo => 85% em peso de algodão, com peso > 200 g/m2",30,35,18,1,8,3,4,201,106,106,2024-10-01
41,2,2,20,8071900,Melões frescos,80719,Melões frescos,10,17,3,8,1,12,4,15742,21330,21330,2024-10-01
41,2,2,20,52092200,"Tecidos de algodão que contenham pelo menos 85 %, em peso, de algodão, com peso superior a 200 g/m2, branqueados, em ponto sarjado, incluindo o diagonal, cuja relação de textura não seja superior a 4",520922,"Tecido de algodão branqueado, em ponto sarjado, contendo => 85% em peso de algodão, com peso > 200 g/m2",30,35,18,1,8,3,4,17676,3422,3422,2024-10-01
41,2,2,22,8071100,Melancias frescas,80711,Melancias frescas,10,17,3,8,1,12,4,8333,22176,22176,2024-10-01
41,2,2,22,52092200,"Tecidos de algodão que contenham pelo menos 85 %, em peso, de algodão, com peso superior a 200 g/m2, branqueados, em ponto sarjado, incluindo o diagonal, cuja relação de textura não seja superior a 4",520922,"Tecido de algodão branqueado, em ponto sarjado, contendo => 85% em peso de algodão, com peso > 200 g/m2",30,35,18,1,8,3,4,5757,1046,1046,2024-10-01
42,6,1,15,17049020,"Caramelos, confeitos, dropes, pastilhas, e produtos semelhantes, sem cacau",170490,"Outros produtos de confeitaria, sem cacau",13,29,6,3,3,11,4,49273,24893,24893,2024-10-01
